относительная компактность,площадь поверхности,площадь сплошной стены,зона крыши,общая высота,отопительная нагрузка,отношение стенной площади ко всей площади дома,отношение остекленния ко всей площади дома,отношение площади крыши ко всей площади дома
0.98,514.5,294.0,110.25,1,15.55,0.5714285714285714,0.0,0.21428571428571427
0.98,514.5,294.0,110.25,1,15.55,0.5714285714285714,0.0,0.21428571428571427
0.98,514.5,294.0,110.25,1,15.55,0.5714285714285714,0.0,0.21428571428571427
0.98,514.5,294.0,110.25,1,15.55,0.5714285714285714,0.0,0.21428571428571427
0.9,563.5,318.5,122.5,1,20.84,0.5652173913043478,0.0,0.21739130434782608
0.9,563.5,318.5,122.5,1,21.46,0.5652173913043478,0.0,0.21739130434782608
0.9,563.5,318.5,122.5,1,20.71,0.5652173913043478,0.0,0.21739130434782608
0.9,563.5,318.5,122.5,1,19.68,0.5652173913043478,0.0,0.21739130434782608
0.86,588.0,294.0,147.0,1,19.5,0.5,0.0,0.25
0.86,588.0,294.0,147.0,1,19.95,0.5,0.0,0.25
0.86,588.0,294.0,147.0,1,19.34,0.5,0.0,0.25
0.86,588.0,294.0,147.0,1,18.31,0.5,0.0,0.25
0.82,612.5,318.5,147.0,1,17.05,0.52,0.0,0.24
0.82,612.5,318.5,147.0,1,17.41,0.52,0.0,0.24
0.82,612.5,318.5,147.0,1,16.95,0.52,0.0,0.24
0.82,612.5,318.5,147.0,1,15.98,0.52,0.0,0.24
0.79,637.0,343.0,147.0,1,28.52,0.5384615384615384,0.0,0.23076923076923078
0.79,637.0,343.0,147.0,1,29.9,0.5384615384615384,0.0,0.23076923076923078
0.79,637.0,343.0,147.0,1,29.63,0.5384615384615384,0.0,0.23076923076923078
0.79,637.0,343.0,147.0,1,28.75,0.5384615384615384,0.0,0.23076923076923078
0.76,661.5,416.5,122.5,1,24.77,0.6296296296296297,0.0,0.18518518518518517
0.76,661.5,416.5,122.5,1,23.93,0.6296296296296297,0.0,0.18518518518518517
0.76,661.5,416.5,122.5,1,24.77,0.6296296296296297,0.0,0.18518518518518517
0.76,661.5,416.5,122.5,1,23.93,0.6296296296296297,0.0,0.18518518518518517
0.74,686.0,245.0,220.5,0,6.07,0.35714285714285715,0.0,0.32142857142857145
0.74,686.0,245.0,220.5,0,6.05,0.35714285714285715,0.0,0.32142857142857145
0.74,686.0,245.0,220.5,0,6.01,0.35714285714285715,0.0,0.32142857142857145
0.74,686.0,245.0,220.5,0,6.04,0.35714285714285715,0.0,0.32142857142857145
0.71,710.5,269.5,220.5,0,6.37,0.3793103448275862,0.0,0.3103448275862069
0.71,710.5,269.5,220.5,0,6.4,0.3793103448275862,0.0,0.3103448275862069
0.71,710.5,269.5,220.5,0,6.366,0.3793103448275862,0.0,0.3103448275862069
0.71,710.5,269.5,220.5,0,6.4,0.3793103448275862,0.0,0.3103448275862069
0.69,735.0,294.0,220.5,0,6.85,0.4,0.0,0.3
0.69,735.0,294.0,220.5,0,6.79,0.4,0.0,0.3
0.69,735.0,294.0,220.5,0,6.77,0.4,0.0,0.3
0.69,735.0,294.0,220.5,0,6.81,0.4,0.0,0.3
0.66,759.5,318.5,220.5,0,7.18,0.41935483870967744,0.0,0.2903225806451613
0.66,759.5,318.5,220.5,0,7.1,0.41935483870967744,0.0,0.2903225806451613
0.66,759.5,318.5,220.5,0,7.1,0.41935483870967744,0.0,0.2903225806451613
0.66,759.5,318.5,220.5,0,7.1,0.41935483870967744,0.0,0.2903225806451613
0.64,784.0,343.0,220.5,0,10.85,0.4375,0.0,0.28125
0.64,784.0,343.0,220.5,0,10.54,0.4375,0.0,0.28125
0.64,784.0,343.0,220.5,0,10.77,0.4375,0.0,0.28125
0.64,784.0,343.0,220.5,0,10.56,0.4375,0.0,0.28125
0.62,808.5,367.5,220.5,0,8.6,0.45454545454545453,0.0,0.2727272727272727
0.62,808.5,367.5,220.5,0,8.49,0.45454545454545453,0.0,0.2727272727272727
0.62,808.5,367.5,220.5,0,8.45,0.45454545454545453,0.0,0.2727272727272727
0.62,808.5,367.5,220.5,0,8.5,0.45454545454545453,0.0,0.2727272727272727
0.98,514.5,294.0,110.25,1,24.58,0.5714285714285714,0.00019436345966958212,0.21428571428571427
0.98,514.5,294.0,110.25,1,24.63,0.5714285714285714,0.00019436345966958212,0.21428571428571427
0.98,514.5,294.0,110.25,1,24.63,0.5714285714285714,0.00019436345966958212,0.21428571428571427
0.98,514.5,294.0,110.25,1,24.59,0.5714285714285714,0.00019436345966958212,0.21428571428571427
0.9,563.5,318.5,122.5,1,29.03,0.5652173913043478,0.0001774622892635315,0.21739130434782608
0.9,563.5,318.5,122.5,1,29.87,0.5652173913043478,0.0001774622892635315,0.21739130434782608
0.9,563.5,318.5,122.5,1,29.14,0.5652173913043478,0.0001774622892635315,0.21739130434782608
0.9,563.5,318.5,122.5,1,28.09,0.5652173913043478,0.0001774622892635315,0.21739130434782608
0.86,588.0,294.0,147.0,1,26.28,0.5,0.00017006802721088437,0.25
0.86,588.0,294.0,147.0,1,26.91,0.5,0.00017006802721088437,0.25
0.86,588.0,294.0,147.0,1,26.37,0.5,0.00017006802721088437,0.25
0.86,588.0,294.0,147.0,1,25.27,0.5,0.00017006802721088437,0.25
0.82,612.5,318.5,147.0,1,23.53,0.52,0.00016326530612244898,0.24
0.82,612.5,318.5,147.0,1,24.03,0.52,0.00016326530612244898,0.24
0.82,612.5,318.5,147.0,1,23.54,0.52,0.00016326530612244898,0.24
0.82,612.5,318.5,147.0,1,22.58,0.52,0.00016326530612244898,0.24
0.79,637.0,343.0,147.0,1,35.56,0.5384615384615384,0.00015698587127158556,0.23076923076923078
0.79,637.0,343.0,147.0,1,37.12,0.5384615384615384,0.00015698587127158556,0.23076923076923078
0.79,637.0,343.0,147.0,1,36.9,0.5384615384615384,0.00015698587127158556,0.23076923076923078
0.79,637.0,343.0,147.0,1,35.94,0.5384615384615384,0.00015698587127158556,0.23076923076923078
0.76,661.5,416.5,122.5,1,32.96,0.6296296296296297,0.0001511715797430083,0.18518518518518517
0.76,661.5,416.5,122.5,1,32.12,0.6296296296296297,0.0001511715797430083,0.18518518518518517
0.76,661.5,416.5,122.5,1,32.94,0.6296296296296297,0.0001511715797430083,0.18518518518518517
0.76,661.5,416.5,122.5,1,32.21,0.6296296296296297,0.0001511715797430083,0.18518518518518517
0.74,686.0,245.0,220.5,0,10.36,0.35714285714285715,0.0001457725947521866,0.32142857142857145
0.74,686.0,245.0,220.5,0,10.43,0.35714285714285715,0.0001457725947521866,0.32142857142857145
0.74,686.0,245.0,220.5,0,10.36,0.35714285714285715,0.0001457725947521866,0.32142857142857145
0.74,686.0,245.0,220.5,0,10.39,0.35714285714285715,0.0001457725947521866,0.32142857142857145
0.71,710.5,269.5,220.5,0,10.71,0.3793103448275862,0.00014074595355383535,0.3103448275862069
0.71,710.5,269.5,220.5,0,10.8,0.3793103448275862,0.00014074595355383535,0.3103448275862069
0.71,710.5,269.5,220.5,0,10.7,0.3793103448275862,0.00014074595355383535,0.3103448275862069
0.71,710.5,269.5,220.5,0,10.75,0.3793103448275862,0.00014074595355383535,0.3103448275862069
0.69,735.0,294.0,220.5,0,11.11,0.4,0.00013605442176870748,0.3
0.69,735.0,294.0,220.5,0,11.13,0.4,0.00013605442176870748,0.3
0.69,735.0,294.0,220.5,0,11.09,0.4,0.00013605442176870748,0.3
0.69,735.0,294.0,220.5,0,11.16,0.4,0.00013605442176870748,0.3
0.66,759.5,318.5,220.5,0,11.68,0.41935483870967744,0.0001316655694535879,0.2903225806451613
0.66,759.5,318.5,220.5,0,11.69,0.41935483870967744,0.0001316655694535879,0.2903225806451613
0.66,759.5,318.5,220.5,0,11.7,0.41935483870967744,0.0001316655694535879,0.2903225806451613
0.66,759.5,318.5,220.5,0,11.69,0.41935483870967744,0.0001316655694535879,0.2903225806451613
0.64,784.0,343.0,220.5,0,15.41,0.4375,0.00012755102040816328,0.28125
0.64,784.0,343.0,220.5,0,15.2,0.4375,0.00012755102040816328,0.28125
0.64,784.0,343.0,220.5,0,15.42,0.4375,0.00012755102040816328,0.28125
0.64,784.0,343.0,220.5,0,15.21,0.4375,0.00012755102040816328,0.28125
0.62,808.5,367.5,220.5,0,12.96,0.45454545454545453,0.00012368583797155226,0.2727272727272727
0.62,808.5,367.5,220.5,0,12.97,0.45454545454545453,0.00012368583797155226,0.2727272727272727
0.62,808.5,367.5,220.5,0,12.93,0.45454545454545453,0.00012368583797155226,0.2727272727272727
0.62,808.5,367.5,220.5,0,13.02,0.45454545454545453,0.00012368583797155226,0.2727272727272727
0.98,514.5,294.0,110.25,1,24.29,0.5714285714285714,0.00019436345966958212,0.21428571428571427
0.98,514.5,294.0,110.25,1,24.31,0.5714285714285714,0.00019436345966958212,0.21428571428571427
0.98,514.5,294.0,110.25,1,24.13,0.5714285714285714,0.00019436345966958212,0.21428571428571427
0.98,514.5,294.0,110.25,1,24.25,0.5714285714285714,0.00019436345966958212,0.21428571428571427
0.9,563.5,318.5,122.5,1,28.88,0.5652173913043478,0.0001774622892635315,0.21739130434782608
0.9,563.5,318.5,122.5,1,29.68,0.5652173913043478,0.0001774622892635315,0.21739130434782608
0.9,563.5,318.5,122.5,1,28.83,0.5652173913043478,0.0001774622892635315,0.21739130434782608
0.9,563.5,318.5,122.5,1,27.9,0.5652173913043478,0.0001774622892635315,0.21739130434782608
0.86,588.0,294.0,147.0,1,26.48,0.5,0.00017006802721088437,0.25
0.86,588.0,294.0,147.0,1,27.02,0.5,0.00017006802721088437,0.25
0.86,588.0,294.0,147.0,1,26.33,0.5,0.00017006802721088437,0.25
0.86,588.0,294.0,147.0,1,25.36,0.5,0.00017006802721088437,0.25
0.82,612.5,318.5,147.0,1,23.75,0.52,0.00016326530612244898,0.24
0.82,612.5,318.5,147.0,1,24.23,0.52,0.00016326530612244898,0.24
0.82,612.5,318.5,147.0,1,23.67,0.52,0.00016326530612244898,0.24
0.82,612.5,318.5,147.0,1,22.79,0.52,0.00016326530612244898,0.24
0.79,637.0,343.0,147.0,1,35.65,0.5384615384615384,0.00015698587127158556,0.23076923076923078
0.79,637.0,343.0,147.0,1,37.26,0.5384615384615384,0.00015698587127158556,0.23076923076923078
0.79,637.0,343.0,147.0,1,36.97,0.5384615384615384,0.00015698587127158556,0.23076923076923078
0.79,637.0,343.0,147.0,1,36.03,0.5384615384615384,0.00015698587127158556,0.23076923076923078
0.76,661.5,416.5,122.5,1,33.16,0.6296296296296297,0.0001511715797430083,0.18518518518518517
0.76,661.5,416.5,122.5,1,32.4,0.6296296296296297,0.0001511715797430083,0.18518518518518517
0.76,661.5,416.5,122.5,1,33.12,0.6296296296296297,0.0001511715797430083,0.18518518518518517
0.76,661.5,416.5,122.5,1,32.41,0.6296296296296297,0.0001511715797430083,0.18518518518518517
0.74,686.0,245.0,220.5,0,10.42,0.35714285714285715,0.0001457725947521866,0.32142857142857145
0.74,686.0,245.0,220.5,0,10.46,0.35714285714285715,0.0001457725947521866,0.32142857142857145
0.74,686.0,245.0,220.5,0,10.32,0.35714285714285715,0.0001457725947521866,0.32142857142857145
0.74,686.0,245.0,220.5,0,10.45,0.35714285714285715,0.0001457725947521866,0.32142857142857145
0.71,710.5,269.5,220.5,0,10.64,0.3793103448275862,0.00014074595355383535,0.3103448275862069
0.71,710.5,269.5,220.5,0,10.72,0.3793103448275862,0.00014074595355383535,0.3103448275862069
0.71,710.5,269.5,220.5,0,10.55,0.3793103448275862,0.00014074595355383535,0.3103448275862069
0.71,710.5,269.5,220.5,0,10.68,0.3793103448275862,0.00014074595355383535,0.3103448275862069
0.69,735.0,294.0,220.5,0,11.45,0.4,0.00013605442176870748,0.3
0.69,735.0,294.0,220.5,0,11.46,0.4,0.00013605442176870748,0.3
0.69,735.0,294.0,220.5,0,11.32,0.4,0.00013605442176870748,0.3
0.69,735.0,294.0,220.5,0,11.49,0.4,0.00013605442176870748,0.3
0.66,759.5,318.5,220.5,0,11.45,0.41935483870967744,0.0001316655694535879,0.2903225806451613
0.66,759.5,318.5,220.5,0,11.42,0.41935483870967744,0.0001316655694535879,0.2903225806451613
0.66,759.5,318.5,220.5,0,11.33,0.41935483870967744,0.0001316655694535879,0.2903225806451613
0.66,759.5,318.5,220.5,0,11.43,0.41935483870967744,0.0001316655694535879,0.2903225806451613
0.64,784.0,343.0,220.5,0,15.41,0.4375,0.00012755102040816328,0.28125
0.64,784.0,343.0,220.5,0,15.18,0.4375,0.00012755102040816328,0.28125
0.64,784.0,343.0,220.5,0,15.34,0.4375,0.00012755102040816328,0.28125
0.64,784.0,343.0,220.5,0,15.19,0.4375,0.00012755102040816328,0.28125
0.62,808.5,367.5,220.5,0,12.88,0.45454545454545453,0.00012368583797155226,0.2727272727272727
0.62,808.5,367.5,220.5,0,13.0,0.45454545454545453,0.00012368583797155226,0.2727272727272727
0.62,808.5,367.5,220.5,0,12.97,0.45454545454545453,0.00012368583797155226,0.2727272727272727
0.62,808.5,367.5,220.5,0,13.04,0.45454545454545453,0.00012368583797155226,0.2727272727272727
0.98,514.5,294.0,110.25,1,24.28,0.5714285714285714,0.00019436345966958212,0.21428571428571427
0.98,514.5,294.0,110.25,1,24.4,0.5714285714285714,0.00019436345966958212,0.21428571428571427
0.98,514.5,294.0,110.25,1,24.11,0.5714285714285714,0.00019436345966958212,0.21428571428571427
0.98,514.5,294.0,110.25,1,24.35,0.5714285714285714,0.00019436345966958212,0.21428571428571427
0.9,563.5,318.5,122.5,1,28.07,0.5652173913043478,0.0001774622892635315,0.21739130434782608
0.9,563.5,318.5,122.5,1,29.01,0.5652173913043478,0.0001774622892635315,0.21739130434782608
0.9,563.5,318.5,122.5,1,29.62,0.5652173913043478,0.0001774622892635315,0.21739130434782608
0.9,563.5,318.5,122.5,1,29.05,0.5652173913043478,0.0001774622892635315,0.21739130434782608
0.86,588.0,294.0,147.0,1,25.41,0.5,0.00017006802721088437,0.25
0.86,588.0,294.0,147.0,1,26.47,0.5,0.00017006802721088437,0.25
0.86,588.0,294.0,147.0,1,26.89,0.5,0.00017006802721088437,0.25
0.86,588.0,294.0,147.0,1,26.46,0.5,0.00017006802721088437,0.25
0.82,612.5,318.5,147.0,1,22.93,0.52,0.00016326530612244898,0.24
0.82,612.5,318.5,147.0,1,23.84,0.52,0.00016326530612244898,0.24
0.82,612.5,318.5,147.0,1,24.17,0.52,0.00016326530612244898,0.24
0.82,612.5,318.5,147.0,1,23.87,0.52,0.00016326530612244898,0.24
0.79,637.0,343.0,147.0,1,35.78,0.5384615384615384,0.00015698587127158556,0.23076923076923078
0.79,637.0,343.0,147.0,1,35.48,0.5384615384615384,0.00015698587127158556,0.23076923076923078
0.79,637.0,343.0,147.0,1,36.97,0.5384615384615384,0.00015698587127158556,0.23076923076923078
0.79,637.0,343.0,147.0,1,36.7,0.5384615384615384,0.00015698587127158556,0.23076923076923078
0.76,661.5,416.5,122.5,1,32.52,0.6296296296296297,0.0001511715797430083,0.18518518518518517
0.76,661.5,416.5,122.5,1,33.28,0.6296296296296297,0.0001511715797430083,0.18518518518518517
0.76,661.5,416.5,122.5,1,32.33,0.6296296296296297,0.0001511715797430083,0.18518518518518517
0.76,661.5,416.5,122.5,1,33.24,0.6296296296296297,0.0001511715797430083,0.18518518518518517
0.74,686.0,245.0,220.5,0,10.39,0.35714285714285715,0.0001457725947521866,0.32142857142857145
0.74,686.0,245.0,220.5,0,10.34,0.35714285714285715,0.0001457725947521866,0.32142857142857145
0.74,686.0,245.0,220.5,0,10.35,0.35714285714285715,0.0001457725947521866,0.32142857142857145
0.74,686.0,245.0,220.5,0,10.38,0.35714285714285715,0.0001457725947521866,0.32142857142857145
0.71,710.5,269.5,220.5,0,10.77,0.3793103448275862,0.00014074595355383535,0.3103448275862069
0.71,710.5,269.5,220.5,0,10.68,0.3793103448275862,0.00014074595355383535,0.3103448275862069
0.71,710.5,269.5,220.5,0,10.68,0.3793103448275862,0.00014074595355383535,0.3103448275862069
0.71,710.5,269.5,220.5,0,10.7,0.3793103448275862,0.00014074595355383535,0.3103448275862069
0.69,735.0,294.0,220.5,0,11.22,0.4,0.00013605442176870748,0.3
0.69,735.0,294.0,220.5,0,11.16,0.4,0.00013605442176870748,0.3
0.69,735.0,294.0,220.5,0,11.1,0.4,0.00013605442176870748,0.3
0.69,735.0,294.0,220.5,0,11.14,0.4,0.00013605442176870748,0.3
0.66,759.5,318.5,220.5,0,11.59,0.41935483870967744,0.0001316655694535879,0.2903225806451613
0.66,759.5,318.5,220.5,0,11.6,0.41935483870967744,0.0001316655694535879,0.2903225806451613
0.66,759.5,318.5,220.5,0,11.53,0.41935483870967744,0.0001316655694535879,0.2903225806451613
0.66,759.5,318.5,220.5,0,11.61,0.41935483870967744,0.0001316655694535879,0.2903225806451613
0.64,784.0,343.0,220.5,0,15.16,0.4375,0.00012755102040816328,0.28125
0.64,784.0,343.0,220.5,0,15.36,0.4375,0.00012755102040816328,0.28125
0.64,784.0,343.0,220.5,0,15.12,0.4375,0.00012755102040816328,0.28125
0.64,784.0,343.0,220.5,0,15.36,0.4375,0.00012755102040816328,0.28125
0.62,808.5,367.5,220.5,0,12.68,0.45454545454545453,0.00012368583797155226,0.2727272727272727
0.62,808.5,367.5,220.5,0,12.63,0.45454545454545453,0.00012368583797155226,0.2727272727272727
0.62,808.5,367.5,220.5,0,12.71,0.45454545454545453,0.00012368583797155226,0.2727272727272727
0.62,808.5,367.5,220.5,0,12.73,0.45454545454545453,0.00012368583797155226,0.2727272727272727
0.98,514.5,294.0,110.25,1,24.38,0.5714285714285714,0.00019436345966958212,0.21428571428571427
0.98,514.5,294.0,110.25,1,24.23,0.5714285714285714,0.00019436345966958212,0.21428571428571427
0.98,514.5,294.0,110.25,1,24.04,0.5714285714285714,0.00019436345966958212,0.21428571428571427
0.98,514.5,294.0,110.25,1,24.32,0.5714285714285714,0.00019436345966958212,0.21428571428571427
0.9,563.5,318.5,122.5,1,29.06,0.5652173913043478,0.0001774622892635315,0.21739130434782608
0.9,563.5,318.5,122.5,1,28.05,0.5652173913043478,0.0001774622892635315,0.21739130434782608
0.9,563.5,318.5,122.5,1,28.86,0.5652173913043478,0.0001774622892635315,0.21739130434782608
0.9,563.5,318.5,122.5,1,29.79,0.5652173913043478,0.0001774622892635315,0.21739130434782608
0.86,588.0,294.0,147.0,1,26.44,0.5,0.00017006802721088437,0.25
0.86,588.0,294.0,147.0,1,25.37,0.5,0.00017006802721088437,0.25
0.86,588.0,294.0,147.0,1,26.33,0.5,0.00017006802721088437,0.25
0.86,588.0,294.0,147.0,1,27.03,0.5,0.00017006802721088437,0.25
0.82,612.5,318.5,147.0,1,23.8,0.52,0.00016326530612244898,0.24
0.82,612.5,318.5,147.0,1,22.8,0.52,0.00016326530612244898,0.24
0.82,612.5,318.5,147.0,1,23.59,0.52,0.00016326530612244898,0.24
0.82,612.5,318.5,147.0,1,24.24,0.52,0.00016326530612244898,0.24
0.79,637.0,343.0,147.0,1,36.86,0.5384615384615384,0.00015698587127158556,0.23076923076923078
0.79,637.0,343.0,147.0,1,35.89,0.5384615384615384,0.00015698587127158556,0.23076923076923078
0.79,637.0,343.0,147.0,1,35.45,0.5384615384615384,0.00015698587127158556,0.23076923076923078
0.79,637.0,343.0,147.0,1,37.1,0.5384615384615384,0.00015698587127158556,0.23076923076923078
0.76,661.5,416.5,122.5,1,33.08,0.6296296296296297,0.0001511715797430083,0.18518518518518517
0.76,661.5,416.5,122.5,1,32.38,0.6296296296296297,0.0001511715797430083,0.18518518518518517
0.76,661.5,416.5,122.5,1,33.09,0.6296296296296297,0.0001511715797430083,0.18518518518518517
0.76,661.5,416.5,122.5,1,32.31,0.6296296296296297,0.0001511715797430083,0.18518518518518517
0.74,686.0,245.0,220.5,0,10.08,0.35714285714285715,0.0001457725947521866,0.32142857142857145
0.74,686.0,245.0,220.5,0,10.15,0.35714285714285715,0.0001457725947521866,0.32142857142857145
0.74,686.0,245.0,220.5,0,10.07,0.35714285714285715,0.0001457725947521866,0.32142857142857145
0.74,686.0,245.0,220.5,0,10.14,0.35714285714285715,0.0001457725947521866,0.32142857142857145
0.71,710.5,269.5,220.5,0,10.66,0.3793103448275862,0.00014074595355383535,0.3103448275862069
0.71,710.5,269.5,220.5,0,10.68,0.3793103448275862,0.00014074595355383535,0.3103448275862069
0.71,710.5,269.5,220.5,0,10.53,0.3793103448275862,0.00014074595355383535,0.3103448275862069
0.71,710.5,269.5,220.5,0,10.72,0.3793103448275862,0.00014074595355383535,0.3103448275862069
0.69,735.0,294.0,220.5,0,11.18,0.4,0.00013605442176870748,0.3
0.69,735.0,294.0,220.5,0,11.22,0.4,0.00013605442176870748,0.3
0.69,735.0,294.0,220.5,0,11.07,0.4,0.00013605442176870748,0.3
0.69,735.0,294.0,220.5,0,11.2,0.4,0.00013605442176870748,0.3
0.66,759.5,318.5,220.5,0,11.44,0.41935483870967744,0.0001316655694535879,0.2903225806451613
0.66,759.5,318.5,220.5,0,11.42,0.41935483870967744,0.0001316655694535879,0.2903225806451613
0.66,759.5,318.5,220.5,0,11.33,0.41935483870967744,0.0001316655694535879,0.2903225806451613
0.66,759.5,318.5,220.5,0,11.43,0.41935483870967744,0.0001316655694535879,0.2903225806451613
0.64,784.0,343.0,220.5,0,15.4,0.4375,0.00012755102040816328,0.28125
0.64,784.0,343.0,220.5,0,15.19,0.4375,0.00012755102040816328,0.28125
0.64,784.0,343.0,220.5,0,15.32,0.4375,0.00012755102040816328,0.28125
0.64,784.0,343.0,220.5,0,15.16,0.4375,0.00012755102040816328,0.28125
0.62,808.5,367.5,220.5,0,12.85,0.45454545454545453,0.00012368583797155226,0.2727272727272727
0.62,808.5,367.5,220.5,0,13.04,0.45454545454545453,0.00012368583797155226,0.2727272727272727
0.62,808.5,367.5,220.5,0,13.0,0.45454545454545453,0.00012368583797155226,0.2727272727272727
0.62,808.5,367.5,220.5,0,13.0,0.45454545454545453,0.00012368583797155226,0.2727272727272727
0.98,514.5,294.0,110.25,1,24.35,0.5714285714285714,0.00019436345966958212,0.21428571428571427
0.98,514.5,294.0,110.25,1,24.33,0.5714285714285714,0.00019436345966958212,0.21428571428571427
0.98,514.5,294.0,110.25,1,24.03,0.5714285714285714,0.00019436345966958212,0.21428571428571427
0.98,514.5,294.0,110.25,1,24.26,0.5714285714285714,0.00019436345966958212,0.21428571428571427
0.9,563.5,318.5,122.5,1,29.83,0.5652173913043478,0.0001774622892635315,0.21739130434782608
0.9,563.5,318.5,122.5,1,29.08,0.5652173913043478,0.0001774622892635315,0.21739130434782608
0.9,563.5,318.5,122.5,1,28.03,0.5652173913043478,0.0001774622892635315,0.21739130434782608
0.9,563.5,318.5,122.5,1,29.02,0.5652173913043478,0.0001774622892635315,0.21739130434782608
0.86,588.0,294.0,147.0,1,27.03,0.5,0.00017006802721088437,0.25
0.86,588.0,294.0,147.0,1,26.45,0.5,0.00017006802721088437,0.25
0.86,588.0,294.0,147.0,1,25.36,0.5,0.00017006802721088437,0.25
0.86,588.0,294.0,147.0,1,26.45,0.5,0.00017006802721088437,0.25
0.82,612.5,318.5,147.0,1,24.37,0.52,0.00016326530612244898,0.24
0.82,612.5,318.5,147.0,1,23.89,0.52,0.00016326530612244898,0.24
0.82,612.5,318.5,147.0,1,22.89,0.52,0.00016326530612244898,0.24
0.82,612.5,318.5,147.0,1,23.86,0.52,0.00016326530612244898,0.24
0.79,637.0,343.0,147.0,1,37.03,0.5384615384615384,0.00015698587127158556,0.23076923076923078
0.79,637.0,343.0,147.0,1,36.71,0.5384615384615384,0.00015698587127158556,0.23076923076923078
0.79,637.0,343.0,147.0,1,36.77,0.5384615384615384,0.00015698587127158556,0.23076923076923078
0.79,637.0,343.0,147.0,1,35.48,0.5384615384615384,0.00015698587127158556,0.23076923076923078
0.76,661.5,416.5,122.5,1,32.31,0.6296296296296297,0.0001511715797430083,0.18518518518518517
0.76,661.5,416.5,122.5,1,33.21,0.6296296296296297,0.0001511715797430083,0.18518518518518517
0.76,661.5,416.5,122.5,1,32.46,0.6296296296296297,0.0001511715797430083,0.18518518518518517
0.76,661.5,416.5,122.5,1,33.27,0.6296296296296297,0.0001511715797430083,0.18518518518518517
0.74,686.0,245.0,220.5,0,10.47,0.35714285714285715,0.0001457725947521866,0.32142857142857145
0.74,686.0,245.0,220.5,0,10.37,0.35714285714285715,0.0001457725947521866,0.32142857142857145
0.74,686.0,245.0,220.5,0,10.34,0.35714285714285715,0.0001457725947521866,0.32142857142857145
0.74,686.0,245.0,220.5,0,10.39,0.35714285714285715,0.0001457725947521866,0.32142857142857145
0.71,710.5,269.5,220.5,0,10.78,0.3793103448275862,0.00014074595355383535,0.3103448275862069
0.71,710.5,269.5,220.5,0,10.7,0.3793103448275862,0.00014074595355383535,0.3103448275862069
0.71,710.5,269.5,220.5,0,10.67,0.3793103448275862,0.00014074595355383535,0.3103448275862069
0.71,710.5,269.5,220.5,0,13.69,0.3793103448275862,0.00014074595355383535,0.3103448275862069
0.69,735.0,294.0,220.5,0,11.21,0.4,0.00013605442176870748,0.3
0.69,735.0,294.0,220.5,0,11.14,0.4,0.00013605442176870748,0.3
0.69,735.0,294.0,220.5,0,11.11,0.4,0.00013605442176870748,0.3
0.69,735.0,294.0,220.5,0,11.16,0.4,0.00013605442176870748,0.3
0.66,759.5,318.5,220.5,0,11.38,0.41935483870967744,0.0001316655694535879,0.2903225806451613
0.66,759.5,318.5,220.5,0,11.34,0.41935483870967744,0.0001316655694535879,0.2903225806451613
0.66,759.5,318.5,220.5,0,11.22,0.41935483870967744,0.0001316655694535879,0.2903225806451613
0.66,759.5,318.5,220.5,0,11.34,0.41935483870967744,0.0001316655694535879,0.2903225806451613
0.64,784.0,343.0,220.5,0,15.16,0.4375,0.00012755102040816328,0.28125
0.64,784.0,343.0,220.5,0,15.37,0.4375,0.00012755102040816328,0.28125
0.64,784.0,343.0,220.5,0,15.12,0.4375,0.00012755102040816328,0.28125
0.64,784.0,343.0,220.5,0,15.36,0.4375,0.00012755102040816328,0.28125
0.62,808.5,367.5,220.5,0,12.59,0.45454545454545453,0.00012368583797155226,0.2727272727272727
0.62,808.5,367.5,220.5,0,12.74,0.45454545454545453,0.00012368583797155226,0.2727272727272727
0.62,808.5,367.5,220.5,0,12.8,0.45454545454545453,0.00012368583797155226,0.2727272727272727
0.62,808.5,367.5,220.5,0,12.62,0.45454545454545453,0.00012368583797155226,0.2727272727272727
0.98,514.5,294.0,110.25,1,28.15,0.5714285714285714,0.00048590864917395527,0.21428571428571427
0.98,514.5,294.0,110.25,1,28.15,0.5714285714285714,0.00048590864917395527,0.21428571428571427
0.98,514.5,294.0,110.25,1,28.37,0.5714285714285714,0.00048590864917395527,0.21428571428571427
0.98,514.5,294.0,110.25,1,28.41,0.5714285714285714,0.00048590864917395527,0.21428571428571427
0.9,563.5,318.5,122.5,1,32.68,0.5652173913043478,0.00044365572315882877,0.21739130434782608
0.9,563.5,318.5,122.5,1,33.48,0.5652173913043478,0.00044365572315882877,0.21739130434782608
0.9,563.5,318.5,122.5,1,32.84,0.5652173913043478,0.00044365572315882877,0.21739130434782608
0.9,563.5,318.5,122.5,1,32.0,0.5652173913043478,0.00044365572315882877,0.21739130434782608
0.86,588.0,294.0,147.0,1,29.54,0.5,0.00042517006802721087,0.25
0.86,588.0,294.0,147.0,1,30.05,0.5,0.00042517006802721087,0.25
0.86,588.0,294.0,147.0,1,29.6,0.5,0.00042517006802721087,0.25
0.86,588.0,294.0,147.0,1,28.66,0.5,0.00042517006802721087,0.25
0.82,612.5,318.5,147.0,1,26.84,0.52,0.00040816326530612246,0.24
0.82,612.5,318.5,147.0,1,27.27,0.52,0.00040816326530612246,0.24
0.82,612.5,318.5,147.0,1,26.97,0.52,0.00040816326530612246,0.24
0.82,612.5,318.5,147.0,1,26.19,0.52,0.00040816326530612246,0.24
0.79,637.0,343.0,147.0,1,38.67,0.5384615384615384,0.0003924646781789639,0.23076923076923078
0.79,637.0,343.0,147.0,1,40.03,0.5384615384615384,0.0003924646781789639,0.23076923076923078
0.79,637.0,343.0,147.0,1,39.86,0.5384615384615384,0.0003924646781789639,0.23076923076923078
0.79,637.0,343.0,147.0,1,39.04,0.5384615384615384,0.0003924646781789639,0.23076923076923078
0.76,661.5,416.5,122.5,1,36.96,0.6296296296296297,0.0003779289493575208,0.18518518518518517
0.76,661.5,416.5,122.5,1,36.13,0.6296296296296297,0.0003779289493575208,0.18518518518518517
0.76,661.5,416.5,122.5,1,36.91,0.6296296296296297,0.0003779289493575208,0.18518518518518517
0.76,661.5,416.5,122.5,1,36.43,0.6296296296296297,0.0003779289493575208,0.18518518518518517
0.74,686.0,245.0,220.5,0,12.43,0.35714285714285715,0.00036443148688046647,0.32142857142857145
0.74,686.0,245.0,220.5,0,12.5,0.35714285714285715,0.00036443148688046647,0.32142857142857145
0.74,686.0,245.0,220.5,0,12.41,0.35714285714285715,0.00036443148688046647,0.32142857142857145
0.74,686.0,245.0,220.5,0,12.45,0.35714285714285715,0.00036443148688046647,0.32142857142857145
0.71,710.5,269.5,220.5,0,12.57,0.3793103448275862,0.0003518648838845883,0.3103448275862069
0.71,710.5,269.5,220.5,0,12.65,0.3793103448275862,0.0003518648838845883,0.3103448275862069
0.71,710.5,269.5,220.5,0,12.57,0.3793103448275862,0.0003518648838845883,0.3103448275862069
0.71,710.5,269.5,220.5,0,12.63,0.3793103448275862,0.0003518648838845883,0.3103448275862069
0.69,735.0,294.0,220.5,0,12.78,0.4,0.0003401360544217687,0.3
0.69,735.0,294.0,220.5,0,12.93,0.4,0.0003401360544217687,0.3
0.69,735.0,294.0,220.5,0,12.73,0.4,0.0003401360544217687,0.3
0.69,735.0,294.0,220.5,0,12.72,0.4,0.0003401360544217687,0.3
0.66,759.5,318.5,220.5,0,13.17,0.41935483870967744,0.0003291639236339697,0.2903225806451613
0.66,759.5,318.5,220.5,0,13.18,0.41935483870967744,0.0003291639236339697,0.2903225806451613
0.66,759.5,318.5,220.5,0,13.17,0.41935483870967744,0.0003291639236339697,0.2903225806451613
0.66,759.5,318.5,220.5,0,13.18,0.41935483870967744,0.0003291639236339697,0.2903225806451613
0.64,784.0,343.0,220.5,0,17.5,0.4375,0.00031887755102040814,0.28125
0.64,784.0,343.0,220.5,0,17.35,0.4375,0.00031887755102040814,0.28125
0.64,784.0,343.0,220.5,0,17.52,0.4375,0.00031887755102040814,0.28125
0.64,784.0,343.0,220.5,0,17.37,0.4375,0.00031887755102040814,0.28125
0.62,808.5,367.5,220.5,0,15.09,0.45454545454545453,0.00030921459492888067,0.2727272727272727
0.62,808.5,367.5,220.5,0,15.12,0.45454545454545453,0.00030921459492888067,0.2727272727272727
0.62,808.5,367.5,220.5,0,15.08,0.45454545454545453,0.00030921459492888067,0.2727272727272727
0.62,808.5,367.5,220.5,0,15.16,0.45454545454545453,0.00030921459492888067,0.2727272727272727
0.98,514.5,294.0,110.25,1,28.67,0.5714285714285714,0.00048590864917395527,0.21428571428571427
0.98,514.5,294.0,110.25,1,28.57,0.5714285714285714,0.00048590864917395527,0.21428571428571427
0.98,514.5,294.0,110.25,1,28.18,0.5714285714285714,0.00048590864917395527,0.21428571428571427
0.98,514.5,294.0,110.25,1,28.6,0.5714285714285714,0.00048590864917395527,0.21428571428571427
0.9,563.5,318.5,122.5,1,32.46,0.5652173913043478,0.00044365572315882877,0.21739130434782608
0.9,563.5,318.5,122.5,1,33.27,0.5652173913043478,0.00044365572315882877,0.21739130434782608
0.9,563.5,318.5,122.5,1,32.33,0.5652173913043478,0.00044365572315882877,0.21739130434782608
0.9,563.5,318.5,122.5,1,31.66,0.5652173913043478,0.00044365572315882877,0.21739130434782608
0.86,588.0,294.0,147.0,1,29.34,0.5,0.00042517006802721087,0.25
0.86,588.0,294.0,147.0,1,29.87,0.5,0.00042517006802721087,0.25
0.86,588.0,294.0,147.0,1,29.27,0.5,0.00042517006802721087,0.25
0.86,588.0,294.0,147.0,1,28.4,0.5,0.00042517006802721087,0.25
0.82,612.5,318.5,147.0,1,25.74,0.52,0.00040816326530612246,0.24
0.82,612.5,318.5,147.0,1,25.98,0.52,0.00040816326530612246,0.24
0.82,612.5,318.5,147.0,1,25.38,0.52,0.00040816326530612246,0.24
0.82,612.5,318.5,147.0,1,24.94,0.52,0.00040816326530612246,0.24
0.79,637.0,343.0,147.0,1,38.57,0.5384615384615384,0.0003924646781789639,0.23076923076923078
0.79,637.0,343.0,147.0,1,40.19,0.5384615384615384,0.0003924646781789639,0.23076923076923078
0.79,637.0,343.0,147.0,1,39.97,0.5384615384615384,0.0003924646781789639,0.23076923076923078
0.79,637.0,343.0,147.0,1,38.98,0.5384615384615384,0.0003924646781789639,0.23076923076923078
0.76,661.5,416.5,122.5,1,36.95,0.6296296296296297,0.0003779289493575208,0.18518518518518517
0.76,661.5,416.5,122.5,1,36.28,0.6296296296296297,0.0003779289493575208,0.18518518518518517
0.76,661.5,416.5,122.5,1,36.86,0.6296296296296297,0.0003779289493575208,0.18518518518518517
0.76,661.5,416.5,122.5,1,36.45,0.6296296296296297,0.0003779289493575208,0.18518518518518517
0.74,686.0,245.0,220.5,0,12.35,0.35714285714285715,0.00036443148688046647,0.32142857142857145
0.74,686.0,245.0,220.5,0,12.45,0.35714285714285715,0.00036443148688046647,0.32142857142857145
0.74,686.0,245.0,220.5,0,12.16,0.35714285714285715,0.00036443148688046647,0.32142857142857145
0.74,686.0,245.0,220.5,0,12.3,0.35714285714285715,0.00036443148688046647,0.32142857142857145
0.71,710.5,269.5,220.5,0,12.33,0.3793103448275862,0.0003518648838845883,0.3103448275862069
0.71,710.5,269.5,220.5,0,12.29,0.3793103448275862,0.0003518648838845883,0.3103448275862069
0.71,710.5,269.5,220.5,0,12.2,0.3793103448275862,0.0003518648838845883,0.3103448275862069
0.71,710.5,269.5,220.5,0,12.49,0.3793103448275862,0.0003518648838845883,0.3103448275862069
0.69,735.0,294.0,220.5,0,12.85,0.4,0.0003401360544217687,0.3
0.69,735.0,294.0,220.5,0,12.87,0.4,0.0003401360544217687,0.3
0.69,735.0,294.0,220.5,0,12.73,0.4,0.0003401360544217687,0.3
0.69,735.0,294.0,220.5,0,12.95,0.4,0.0003401360544217687,0.3
0.66,759.5,318.5,220.5,0,13.05,0.41935483870967744,0.0003291639236339697,0.2903225806451613
0.66,759.5,318.5,220.5,0,12.93,0.41935483870967744,0.0003291639236339697,0.2903225806451613
0.66,759.5,318.5,220.5,0,12.77,0.41935483870967744,0.0003291639236339697,0.2903225806451613
0.66,759.5,318.5,220.5,0,13.0,0.41935483870967744,0.0003291639236339697,0.2903225806451613
0.64,784.0,343.0,220.5,0,17.14,0.4375,0.00031887755102040814,0.28125
0.64,784.0,343.0,220.5,0,16.84,0.4375,0.00031887755102040814,0.28125
0.64,784.0,343.0,220.5,0,17.02,0.4375,0.00031887755102040814,0.28125
0.64,784.0,343.0,220.5,0,17.11,0.4375,0.00031887755102040814,0.28125
0.62,808.5,367.5,220.5,0,14.34,0.45454545454545453,0.00030921459492888067,0.2727272727272727
0.62,808.5,367.5,220.5,0,14.66,0.45454545454545453,0.00030921459492888067,0.2727272727272727
0.62,808.5,367.5,220.5,0,14.6,0.45454545454545453,0.00030921459492888067,0.2727272727272727
0.62,808.5,367.5,220.5,0,14.6,0.45454545454545453,0.00030921459492888067,0.2727272727272727
0.98,514.5,294.0,110.25,1,28.67,0.5714285714285714,0.00048590864917395527,0.21428571428571427
0.98,514.5,294.0,110.25,1,28.56,0.5714285714285714,0.00048590864917395527,0.21428571428571427
0.98,514.5,294.0,110.25,1,28.17,0.5714285714285714,0.00048590864917395527,0.21428571428571427
0.98,514.5,294.0,110.25,1,28.63,0.5714285714285714,0.00048590864917395527,0.21428571428571427
0.9,563.5,318.5,122.5,1,31.63,0.5652173913043478,0.00044365572315882877,0.21739130434782608
0.9,563.5,318.5,122.5,1,32.4,0.5652173913043478,0.00044365572315882877,0.21739130434782608
0.9,563.5,318.5,122.5,1,32.68,0.5652173913043478,0.00044365572315882877,0.21739130434782608
0.9,563.5,318.5,122.5,1,32.29,0.5652173913043478,0.00044365572315882877,0.21739130434782608
0.86,588.0,294.0,147.0,1,28.4,0.5,0.00042517006802721087,0.25
0.86,588.0,294.0,147.0,1,29.4,0.5,0.00042517006802721087,0.25
0.86,588.0,294.0,147.0,1,29.43,0.5,0.00042517006802721087,0.25
0.86,588.0,294.0,147.0,1,29.07,0.5,0.00042517006802721087,0.25
0.82,612.5,318.5,147.0,1,24.7,0.52,0.00040816326530612246,0.24
0.82,612.5,318.5,147.0,1,25.48,0.52,0.00040816326530612246,0.24
0.82,612.5,318.5,147.0,1,25.37,0.52,0.00040816326530612246,0.24
0.82,612.5,318.5,147.0,1,25.17,0.52,0.00040816326530612246,0.24
0.79,637.0,343.0,147.0,1,39.04,0.5384615384615384,0.0003924646781789639,0.23076923076923078
0.79,637.0,343.0,147.0,1,38.35,0.5384615384615384,0.0003924646781789639,0.23076923076923078
0.79,637.0,343.0,147.0,1,39.81,0.5384615384615384,0.0003924646781789639,0.23076923076923078
0.79,637.0,343.0,147.0,1,39.83,0.5384615384615384,0.0003924646781789639,0.23076923076923078
0.76,661.5,416.5,122.5,1,35.99,0.6296296296296297,0.0003779289493575208,0.18518518518518517
0.76,661.5,416.5,122.5,1,36.59,0.6296296296296297,0.0003779289493575208,0.18518518518518517
0.76,661.5,416.5,122.5,1,35.64,0.6296296296296297,0.0003779289493575208,0.18518518518518517
0.76,661.5,416.5,122.5,1,36.52,0.6296296296296297,0.0003779289493575208,0.18518518518518517
0.74,686.0,245.0,220.5,0,11.8,0.35714285714285715,0.00036443148688046647,0.32142857142857145
0.74,686.0,245.0,220.5,0,12.03,0.35714285714285715,0.00036443148688046647,0.32142857142857145
0.74,686.0,245.0,220.5,0,11.98,0.35714285714285715,0.00036443148688046647,0.32142857142857145
0.74,686.0,245.0,220.5,0,11.69,0.35714285714285715,0.00036443148688046647,0.32142857142857145
0.71,710.5,269.5,220.5,0,12.41,0.3793103448275862,0.0003518648838845883,0.3103448275862069
0.71,710.5,269.5,220.5,0,12.28,0.3793103448275862,0.0003518648838845883,0.3103448275862069
0.71,710.5,269.5,220.5,0,12.1,0.3793103448275862,0.0003518648838845883,0.3103448275862069
0.71,710.5,269.5,220.5,0,12.19,0.3793103448275862,0.0003518648838845883,0.3103448275862069
0.69,735.0,294.0,220.5,0,12.34,0.4,0.0003401360544217687,0.3
0.69,735.0,294.0,220.5,0,12.46,0.4,0.0003401360544217687,0.3
0.69,735.0,294.0,220.5,0,12.31,0.4,0.0003401360544217687,0.3
0.69,735.0,294.0,220.5,0,12.12,0.4,0.0003401360544217687,0.3
0.66,759.5,318.5,220.5,0,12.97,0.41935483870967744,0.0003291639236339697,0.2903225806451613
0.66,759.5,318.5,220.5,0,13.01,0.41935483870967744,0.0003291639236339697,0.2903225806451613
0.66,759.5,318.5,220.5,0,12.74,0.41935483870967744,0.0003291639236339697,0.2903225806451613
0.66,759.5,318.5,220.5,0,12.84,0.41935483870967744,0.0003291639236339697,0.2903225806451613
0.64,784.0,343.0,220.5,0,16.83,0.4375,0.00031887755102040814,0.28125
0.64,784.0,343.0,220.5,0,16.93,0.4375,0.00031887755102040814,0.28125
0.64,784.0,343.0,220.5,0,16.66,0.4375,0.00031887755102040814,0.28125
0.64,784.0,343.0,220.5,0,16.86,0.4375,0.00031887755102040814,0.28125
0.62,808.5,367.5,220.5,0,13.91,0.45454545454545453,0.00030921459492888067,0.2727272727272727
0.62,808.5,367.5,220.5,0,14.34,0.45454545454545453,0.00030921459492888067,0.2727272727272727
0.62,808.5,367.5,220.5,0,13.95,0.45454545454545453,0.00030921459492888067,0.2727272727272727
0.62,808.5,367.5,220.5,0,13.99,0.45454545454545453,0.00030921459492888067,0.2727272727272727
0.98,514.5,294.0,110.25,1,28.7,0.5714285714285714,0.00048590864917395527,0.21428571428571427
0.98,514.5,294.0,110.25,1,28.55,0.5714285714285714,0.00048590864917395527,0.21428571428571427
0.98,514.5,294.0,110.25,1,28.15,0.5714285714285714,0.00048590864917395527,0.21428571428571427
0.98,514.5,294.0,110.25,1,28.62,0.5714285714285714,0.00048590864917395527,0.21428571428571427
0.9,563.5,318.5,122.5,1,32.67,0.5652173913043478,0.00044365572315882877,0.21739130434782608
0.9,563.5,318.5,122.5,1,31.69,0.5652173913043478,0.00044365572315882877,0.21739130434782608
0.9,563.5,318.5,122.5,1,32.07,0.5652173913043478,0.00044365572315882877,0.21739130434782608
0.9,563.5,318.5,122.5,1,33.28,0.5652173913043478,0.00044365572315882877,0.21739130434782608
0.86,588.0,294.0,147.0,1,29.47,0.5,0.00042517006802721087,0.25
0.86,588.0,294.0,147.0,1,28.42,0.5,0.00042517006802721087,0.25
0.86,588.0,294.0,147.0,1,29.08,0.5,0.00042517006802721087,0.25
0.86,588.0,294.0,147.0,1,29.88,0.5,0.00042517006802721087,0.25
0.82,612.5,318.5,147.0,1,25.66,0.52,0.00040816326530612246,0.24
0.82,612.5,318.5,147.0,1,24.96,0.52,0.00040816326530612246,0.24
0.82,612.5,318.5,147.0,1,25.43,0.52,0.00040816326530612246,0.24
0.82,612.5,318.5,147.0,1,26.0,0.52,0.00040816326530612246,0.24
0.79,637.0,343.0,147.0,1,40.0,0.5384615384615384,0.0003924646781789639,0.23076923076923078
0.79,637.0,343.0,147.0,1,38.84,0.5384615384615384,0.0003924646781789639,0.23076923076923078
0.79,637.0,343.0,147.0,1,38.33,0.5384615384615384,0.0003924646781789639,0.23076923076923078
0.79,637.0,343.0,147.0,1,40.12,0.5384615384615384,0.0003924646781789639,0.23076923076923078
0.76,661.5,416.5,122.5,1,36.95,0.6296296296296297,0.0003779289493575208,0.18518518518518517
0.76,661.5,416.5,122.5,1,36.45,0.6296296296296297,0.0003779289493575208,0.18518518518518517
0.76,661.5,416.5,122.5,1,36.81,0.6296296296296297,0.0003779289493575208,0.18518518518518517
0.76,661.5,416.5,122.5,1,36.26,0.6296296296296297,0.0003779289493575208,0.18518518518518517
0.74,686.0,245.0,220.5,0,12.32,0.35714285714285715,0.00036443148688046647,0.32142857142857145
0.74,686.0,245.0,220.5,0,12.3,0.35714285714285715,0.00036443148688046647,0.32142857142857145
0.74,686.0,245.0,220.5,0,12.18,0.35714285714285715,0.00036443148688046647,0.32142857142857145
0.74,686.0,245.0,220.5,0,12.43,0.35714285714285715,0.00036443148688046647,0.32142857142857145
0.71,710.5,269.5,220.5,0,12.36,0.3793103448275862,0.0003518648838845883,0.3103448275862069
0.71,710.5,269.5,220.5,0,12.49,0.3793103448275862,0.0003518648838845883,0.3103448275862069
0.71,710.5,269.5,220.5,0,12.17,0.3793103448275862,0.0003518648838845883,0.3103448275862069
0.71,710.5,269.5,220.5,0,12.28,0.3793103448275862,0.0003518648838845883,0.3103448275862069
0.69,735.0,294.0,220.5,0,12.91,0.4,0.0003401360544217687,0.3
0.69,735.0,294.0,220.5,0,12.95,0.4,0.0003401360544217687,0.3
0.69,735.0,294.0,220.5,0,12.67,0.4,0.0003401360544217687,0.3
0.69,735.0,294.0,220.5,0,12.86,0.4,0.0003401360544217687,0.3
0.66,759.5,318.5,220.5,0,12.95,0.41935483870967744,0.0003291639236339697,0.2903225806451613
0.66,759.5,318.5,220.5,0,13.0,0.41935483870967744,0.0003291639236339697,0.2903225806451613
0.66,759.5,318.5,220.5,0,12.86,0.41935483870967744,0.0003291639236339697,0.2903225806451613
0.66,759.5,318.5,220.5,0,12.92,0.41935483870967744,0.0003291639236339697,0.2903225806451613
0.64,784.0,343.0,220.5,0,16.99,0.4375,0.00031887755102040814,0.28125
0.64,784.0,343.0,220.5,0,16.69,0.4375,0.00031887755102040814,0.28125
0.64,784.0,343.0,220.5,0,16.56,0.4375,0.00031887755102040814,0.28125
0.64,784.0,343.0,220.5,0,16.62,0.4375,0.00031887755102040814,0.28125
0.62,808.5,367.5,220.5,0,14.33,0.45454545454545453,0.00030921459492888067,0.2727272727272727
0.62,808.5,367.5,220.5,0,14.61,0.45454545454545453,0.00030921459492888067,0.2727272727272727
0.62,808.5,367.5,220.5,0,14.61,0.45454545454545453,0.00030921459492888067,0.2727272727272727
0.62,808.5,367.5,220.5,0,14.65,0.45454545454545453,0.00030921459492888067,0.2727272727272727
0.98,514.5,294.0,110.25,1,28.69,0.5714285714285714,0.00048590864917395527,0.21428571428571427
0.98,514.5,294.0,110.25,1,28.58,0.5714285714285714,0.00048590864917395527,0.21428571428571427
0.98,514.5,294.0,110.25,1,28.15,0.5714285714285714,0.00048590864917395527,0.21428571428571427
0.98,514.5,294.0,110.25,1,28.61,0.5714285714285714,0.00048590864917395527,0.21428571428571427
0.9,563.5,318.5,122.5,1,33.13,0.5652173913043478,0.00044365572315882877,0.21739130434782608
0.9,563.5,318.5,122.5,1,32.31,0.5652173913043478,0.00044365572315882877,0.21739130434782608
0.9,563.5,318.5,122.5,1,31.53,0.5652173913043478,0.00044365572315882877,0.21739130434782608
0.9,563.5,318.5,122.5,1,32.46,0.5652173913043478,0.00044365572315882877,0.21739130434782608
0.86,588.0,294.0,147.0,1,29.71,0.5,0.00042517006802721087,0.25
0.86,588.0,294.0,147.0,1,29.09,0.5,0.00042517006802721087,0.25
0.86,588.0,294.0,147.0,1,28.31,0.5,0.00042517006802721087,0.25
0.86,588.0,294.0,147.0,1,29.39,0.5,0.00042517006802721087,0.25
0.82,612.5,318.5,147.0,1,25.7,0.52,0.00040816326530612246,0.24
0.82,612.5,318.5,147.0,1,25.17,0.52,0.00040816326530612246,0.24
0.82,612.5,318.5,147.0,1,24.6,0.52,0.00040816326530612246,0.24
0.82,612.5,318.5,147.0,1,25.49,0.52,0.00040816326530612246,0.24
0.79,637.0,343.0,147.0,1,39.89,0.5384615384615384,0.0003924646781789639,0.23076923076923078
0.79,637.0,343.0,147.0,1,39.83,0.5384615384615384,0.0003924646781789639,0.23076923076923078
0.79,637.0,343.0,147.0,1,39.01,0.5384615384615384,0.0003924646781789639,0.23076923076923078
0.79,637.0,343.0,147.0,1,38.65,0.5384615384615384,0.0003924646781789639,0.23076923076923078
0.76,661.5,416.5,122.5,1,35.69,0.6296296296296297,0.0003779289493575208,0.18518518518518517
0.76,661.5,416.5,122.5,1,36.64,0.6296296296296297,0.0003779289493575208,0.18518518518518517
0.76,661.5,416.5,122.5,1,36.06,0.6296296296296297,0.0003779289493575208,0.18518518518518517
0.76,661.5,416.5,122.5,1,36.7,0.6296296296296297,0.0003779289493575208,0.18518518518518517
0.74,686.0,245.0,220.5,0,12.12,0.35714285714285715,0.00036443148688046647,0.32142857142857145
0.74,686.0,245.0,220.5,0,11.67,0.35714285714285715,0.00036443148688046647,0.32142857142857145
0.74,686.0,245.0,220.5,0,11.64,0.35714285714285715,0.00036443148688046647,0.32142857142857145
0.74,686.0,245.0,220.5,0,12.02,0.35714285714285715,0.00036443148688046647,0.32142857142857145
0.71,710.5,269.5,220.5,0,12.27,0.3793103448275862,0.0003518648838845883,0.3103448275862069
0.71,710.5,269.5,220.5,0,12.19,0.3793103448275862,0.0003518648838845883,0.3103448275862069
0.71,710.5,269.5,220.5,0,12.25,0.3793103448275862,0.0003518648838845883,0.3103448275862069
0.71,710.5,269.5,220.5,0,12.27,0.3793103448275862,0.0003518648838845883,0.3103448275862069
0.69,735.0,294.0,220.5,0,12.47,0.4,0.0003401360544217687,0.3
0.69,735.0,294.0,220.5,0,12.12,0.4,0.0003401360544217687,0.3
0.69,735.0,294.0,220.5,0,12.18,0.4,0.0003401360544217687,0.3
0.69,735.0,294.0,220.5,0,12.47,0.4,0.0003401360544217687,0.3
0.66,759.5,318.5,220.5,0,12.93,0.41935483870967744,0.0003291639236339697,0.2903225806451613
0.66,759.5,318.5,220.5,0,12.82,0.41935483870967744,0.0003291639236339697,0.2903225806451613
0.66,759.5,318.5,220.5,0,12.78,0.41935483870967744,0.0003291639236339697,0.2903225806451613
0.66,759.5,318.5,220.5,0,13.02,0.41935483870967744,0.0003291639236339697,0.2903225806451613
0.64,784.0,343.0,220.5,0,16.73,0.4375,0.00031887755102040814,0.28125
0.64,784.0,343.0,220.5,0,16.86,0.4375,0.00031887755102040814,0.28125
0.64,784.0,343.0,220.5,0,16.76,0.4375,0.00031887755102040814,0.28125
0.64,784.0,343.0,220.5,0,16.92,0.4375,0.00031887755102040814,0.28125
0.62,808.5,367.5,220.5,0,13.68,0.45454545454545453,0.00030921459492888067,0.2727272727272727
0.62,808.5,367.5,220.5,0,13.99,0.45454545454545453,0.00030921459492888067,0.2727272727272727
0.62,808.5,367.5,220.5,0,14.16,0.45454545454545453,0.00030921459492888067,0.2727272727272727
0.62,808.5,367.5,220.5,0,13.86,0.45454545454545453,0.00030921459492888067,0.2727272727272727
0.98,514.5,294.0,110.25,1,32.26,0.5714285714285714,0.0007774538386783285,0.21428571428571427
0.98,514.5,294.0,110.25,1,32.26,0.5714285714285714,0.0007774538386783285,0.21428571428571427
0.98,514.5,294.0,110.25,1,32.49,0.5714285714285714,0.0007774538386783285,0.21428571428571427
0.98,514.5,294.0,110.25,1,32.53,0.5714285714285714,0.0007774538386783285,0.21428571428571427
0.9,563.5,318.5,122.5,1,36.47,0.5652173913043478,0.000709849157054126,0.21739130434782608
0.9,563.5,318.5,122.5,1,37.24,0.5652173913043478,0.000709849157054126,0.21739130434782608
0.9,563.5,318.5,122.5,1,36.66,0.5652173913043478,0.000709849157054126,0.21739130434782608
0.9,563.5,318.5,122.5,1,35.96,0.5652173913043478,0.000709849157054126,0.21739130434782608
0.86,588.0,294.0,147.0,1,31.89,0.5,0.0006802721088435375,0.25
0.86,588.0,294.0,147.0,1,32.39,0.5,0.0006802721088435375,0.25
0.86,588.0,294.0,147.0,1,32.09,0.5,0.0006802721088435375,0.25
0.86,588.0,294.0,147.0,1,31.29,0.5,0.0006802721088435375,0.25
0.82,612.5,318.5,147.0,1,29.22,0.52,0.0006530612244897959,0.24
0.82,612.5,318.5,147.0,1,29.91,0.52,0.0006530612244897959,0.24
0.82,612.5,318.5,147.0,1,29.53,0.52,0.0006530612244897959,0.24
0.82,612.5,318.5,147.0,1,28.65,0.52,0.0006530612244897959,0.24
0.79,637.0,343.0,147.0,1,41.4,0.5384615384615384,0.0006279434850863422,0.23076923076923078
0.79,637.0,343.0,147.0,1,42.62,0.5384615384615384,0.0006279434850863422,0.23076923076923078
0.79,637.0,343.0,147.0,1,42.5,0.5384615384615384,0.0006279434850863422,0.23076923076923078
0.79,637.0,343.0,147.0,1,41.67,0.5384615384615384,0.0006279434850863422,0.23076923076923078
0.76,661.5,416.5,122.5,1,40.78,0.6296296296296297,0.0006046863189720333,0.18518518518518517
0.76,661.5,416.5,122.5,1,39.97,0.6296296296296297,0.0006046863189720333,0.18518518518518517
0.76,661.5,416.5,122.5,1,40.71,0.6296296296296297,0.0006046863189720333,0.18518518518518517
0.76,661.5,416.5,122.5,1,40.43,0.6296296296296297,0.0006046863189720333,0.18518518518518517
0.74,686.0,245.0,220.5,0,14.52,0.35714285714285715,0.0005830903790087463,0.32142857142857145
0.74,686.0,245.0,220.5,0,14.61,0.35714285714285715,0.0005830903790087463,0.32142857142857145
0.74,686.0,245.0,220.5,0,14.5,0.35714285714285715,0.0005830903790087463,0.32142857142857145
0.74,686.0,245.0,220.5,0,14.55,0.35714285714285715,0.0005830903790087463,0.32142857142857145
0.71,710.5,269.5,220.5,0,14.51,0.3793103448275862,0.0005629838142153414,0.3103448275862069
0.71,710.5,269.5,220.5,0,14.6,0.3793103448275862,0.0005629838142153414,0.3103448275862069
0.71,710.5,269.5,220.5,0,14.5,0.3793103448275862,0.0005629838142153414,0.3103448275862069
0.71,710.5,269.5,220.5,0,14.58,0.3793103448275862,0.0005629838142153414,0.3103448275862069
0.69,735.0,294.0,220.5,0,14.51,0.4,0.0005442176870748299,0.3
0.69,735.0,294.0,220.5,0,14.7,0.4,0.0005442176870748299,0.3
0.69,735.0,294.0,220.5,0,14.42,0.4,0.0005442176870748299,0.3
0.69,735.0,294.0,220.5,0,14.42,0.4,0.0005442176870748299,0.3
0.66,759.5,318.5,220.5,0,15.23,0.41935483870967744,0.0005266622778143516,0.2903225806451613
0.66,759.5,318.5,220.5,0,15.23,0.41935483870967744,0.0005266622778143516,0.2903225806451613
0.66,759.5,318.5,220.5,0,15.23,0.41935483870967744,0.0005266622778143516,0.2903225806451613
0.66,759.5,318.5,220.5,0,15.23,0.41935483870967744,0.0005266622778143516,0.2903225806451613
0.64,784.0,343.0,220.5,0,19.52,0.4375,0.0005102040816326531,0.28125
0.64,784.0,343.0,220.5,0,19.36,0.4375,0.0005102040816326531,0.28125
0.64,784.0,343.0,220.5,0,19.48,0.4375,0.0005102040816326531,0.28125
0.64,784.0,343.0,220.5,0,19.42,0.4375,0.0005102040816326531,0.28125
0.62,808.5,367.5,220.5,0,15.09,0.45454545454545453,0.000494743351886209,0.2727272727272727
0.62,808.5,367.5,220.5,0,17.17,0.45454545454545453,0.000494743351886209,0.2727272727272727
0.62,808.5,367.5,220.5,0,17.14,0.45454545454545453,0.000494743351886209,0.2727272727272727
0.62,808.5,367.5,220.5,0,17.14,0.45454545454545453,0.000494743351886209,0.2727272727272727
0.98,514.5,294.0,110.25,1,32.82,0.5714285714285714,0.0007774538386783285,0.21428571428571427
0.98,514.5,294.0,110.25,1,32.71,0.5714285714285714,0.0007774538386783285,0.21428571428571427
0.98,514.5,294.0,110.25,1,32.24,0.5714285714285714,0.0007774538386783285,0.21428571428571427
0.98,514.5,294.0,110.25,1,32.72,0.5714285714285714,0.0007774538386783285,0.21428571428571427
0.9,563.5,318.5,122.5,1,35.84,0.5652173913043478,0.000709849157054126,0.21739130434782608
0.9,563.5,318.5,122.5,1,36.57,0.5652173913043478,0.000709849157054126,0.21739130434782608
0.9,563.5,318.5,122.5,1,36.06,0.5652173913043478,0.000709849157054126,0.21739130434782608
0.9,563.5,318.5,122.5,1,35.69,0.5652173913043478,0.000709849157054126,0.21739130434782608
0.86,588.0,294.0,147.0,1,32.48,0.5,0.0006802721088435375,0.25
0.86,588.0,294.0,147.0,1,32.74,0.5,0.0006802721088435375,0.25
0.86,588.0,294.0,147.0,1,32.13,0.5,0.0006802721088435375,0.25
0.86,588.0,294.0,147.0,1,31.64,0.5,0.0006802721088435375,0.25
0.82,612.5,318.5,147.0,1,28.95,0.52,0.0006530612244897959,0.24
0.82,612.5,318.5,147.0,1,29.49,0.52,0.0006530612244897959,0.24
0.82,612.5,318.5,147.0,1,28.64,0.52,0.0006530612244897959,0.24
0.82,612.5,318.5,147.0,1,28.01,0.52,0.0006530612244897959,0.24
0.79,637.0,343.0,147.0,1,41.64,0.5384615384615384,0.0006279434850863422,0.23076923076923078
0.79,637.0,343.0,147.0,1,43.1,0.5384615384615384,0.0006279434850863422,0.23076923076923078
0.79,637.0,343.0,147.0,1,42.74,0.5384615384615384,0.0006279434850863422,0.23076923076923078
0.79,637.0,343.0,147.0,1,41.92,0.5384615384615384,0.0006279434850863422,0.23076923076923078
0.76,661.5,416.5,122.5,1,40.78,0.6296296296296297,0.0006046863189720333,0.18518518518518517
0.76,661.5,416.5,122.5,1,40.15,0.6296296296296297,0.0006046863189720333,0.18518518518518517
0.76,661.5,416.5,122.5,1,40.57,0.6296296296296297,0.0006046863189720333,0.18518518518518517
0.76,661.5,416.5,122.5,1,40.42,0.6296296296296297,0.0006046863189720333,0.18518518518518517
0.74,686.0,245.0,220.5,0,14.54,0.35714285714285715,0.0005830903790087463,0.32142857142857145
0.74,686.0,245.0,220.5,0,14.45,0.35714285714285715,0.0005830903790087463,0.32142857142857145
0.74,686.0,245.0,220.5,0,14.18,0.35714285714285715,0.0005830903790087463,0.32142857142857145
0.74,686.0,245.0,220.5,0,14.5,0.35714285714285715,0.0005830903790087463,0.32142857142857145
0.71,710.5,269.5,220.5,0,14.7,0.3793103448275862,0.0005629838142153414,0.3103448275862069
0.71,710.5,269.5,220.5,0,14.66,0.3793103448275862,0.0005629838142153414,0.3103448275862069
0.71,710.5,269.5,220.5,0,14.4,0.3793103448275862,0.0005629838142153414,0.3103448275862069
0.71,710.5,269.5,220.5,0,14.71,0.3793103448275862,0.0005629838142153414,0.3103448275862069
0.69,735.0,294.0,220.5,0,14.75,0.4,0.0005442176870748299,0.3
0.69,735.0,294.0,220.5,0,14.71,0.4,0.0005442176870748299,0.3
0.69,735.0,294.0,220.5,0,14.33,0.4,0.0005442176870748299,0.3
0.69,735.0,294.0,220.5,0,14.62,0.4,0.0005442176870748299,0.3
0.66,759.5,318.5,220.5,0,15.34,0.41935483870967744,0.0005266622778143516,0.2903225806451613
0.66,759.5,318.5,220.5,0,15.29,0.41935483870967744,0.0005266622778143516,0.2903225806451613
0.66,759.5,318.5,220.5,0,15.09,0.41935483870967744,0.0005266622778143516,0.2903225806451613
0.66,759.5,318.5,220.5,0,15.3,0.41935483870967744,0.0005266622778143516,0.2903225806451613
0.64,784.0,343.0,220.5,0,19.2,0.4375,0.0005102040816326531,0.28125
0.64,784.0,343.0,220.5,0,18.88,0.4375,0.0005102040816326531,0.28125
0.64,784.0,343.0,220.5,0,18.9,0.4375,0.0005102040816326531,0.28125
0.64,784.0,343.0,220.5,0,19.12,0.4375,0.0005102040816326531,0.28125
0.62,808.5,367.5,220.5,0,16.76,0.45454545454545453,0.000494743351886209,0.2727272727272727
0.62,808.5,367.5,220.5,0,17.23,0.45454545454545453,0.000494743351886209,0.2727272727272727
0.62,808.5,367.5,220.5,0,17.26,0.45454545454545453,0.000494743351886209,0.2727272727272727
0.62,808.5,367.5,220.5,0,17.15,0.45454545454545453,0.000494743351886209,0.2727272727272727
0.98,514.5,294.0,110.25,1,32.82,0.5714285714285714,0.0007774538386783285,0.21428571428571427
0.98,514.5,294.0,110.25,1,32.69,0.5714285714285714,0.0007774538386783285,0.21428571428571427
0.98,514.5,294.0,110.25,1,32.23,0.5714285714285714,0.0007774538386783285,0.21428571428571427
0.98,514.5,294.0,110.25,1,32.75,0.5714285714285714,0.0007774538386783285,0.21428571428571427
0.9,563.5,318.5,122.5,1,34.24,0.5652173913043478,0.000709849157054126,0.21739130434782608
0.9,563.5,318.5,122.5,1,34.95,0.5652173913043478,0.000709849157054126,0.21739130434782608
0.9,563.5,318.5,122.5,1,35.05,0.5652173913043478,0.000709849157054126,0.21739130434782608
0.9,563.5,318.5,122.5,1,34.29,0.5652173913043478,0.000709849157054126,0.21739130434782608
0.86,588.0,294.0,147.0,1,31.28,0.5,0.0006802721088435375,0.25
0.86,588.0,294.0,147.0,1,32.12,0.5,0.0006802721088435375,0.25
0.86,588.0,294.0,147.0,1,32.05,0.5,0.0006802721088435375,0.25
0.86,588.0,294.0,147.0,1,31.84,0.5,0.0006802721088435375,0.25
0.82,612.5,318.5,147.0,1,28.67,0.52,0.0006530612244897959,0.24
0.82,612.5,318.5,147.0,1,29.67,0.52,0.0006530612244897959,0.24
0.82,612.5,318.5,147.0,1,29.47,0.52,0.0006530612244897959,0.24
0.82,612.5,318.5,147.0,1,28.91,0.52,0.0006530612244897959,0.24
0.79,637.0,343.0,147.0,1,41.26,0.5384615384615384,0.0006279434850863422,0.23076923076923078
0.79,637.0,343.0,147.0,1,41.3,0.5384615384615384,0.0006279434850863422,0.23076923076923078
0.79,637.0,343.0,147.0,1,42.49,0.5384615384615384,0.0006279434850863422,0.23076923076923078
0.79,637.0,343.0,147.0,1,42.08,0.5384615384615384,0.0006279434850863422,0.23076923076923078
0.76,661.5,416.5,122.5,1,39.32,0.6296296296296297,0.0006046863189720333,0.18518518518518517
0.76,661.5,416.5,122.5,1,39.84,0.6296296296296297,0.0006046863189720333,0.18518518518518517
0.76,661.5,416.5,122.5,1,38.89,0.6296296296296297,0.0006046863189720333,0.18518518518518517
0.76,661.5,416.5,122.5,1,39.68,0.6296296296296297,0.0006046863189720333,0.18518518518518517
0.74,686.0,245.0,220.5,0,13.97,0.35714285714285715,0.0005830903790087463,0.32142857142857145
0.74,686.0,245.0,220.5,0,14.22,0.35714285714285715,0.0005830903790087463,0.32142857142857145
0.74,686.0,245.0,220.5,0,14.1,0.35714285714285715,0.0005830903790087463,0.32142857142857145
0.74,686.0,245.0,220.5,0,13.78,0.35714285714285715,0.0005830903790087463,0.32142857142857145
0.71,710.5,269.5,220.5,0,14.07,0.3793103448275862,0.0005629838142153414,0.3103448275862069
0.71,710.5,269.5,220.5,0,14.03,0.3793103448275862,0.0005629838142153414,0.3103448275862069
0.71,710.5,269.5,220.5,0,13.94,0.3793103448275862,0.0005629838142153414,0.3103448275862069
0.71,710.5,269.5,220.5,0,13.86,0.3793103448275862,0.0005629838142153414,0.3103448275862069
0.69,735.0,294.0,220.5,0,14.32,0.4,0.0005442176870748299,0.3
0.69,735.0,294.0,220.5,0,14.56,0.4,0.0005442176870748299,0.3
0.69,735.0,294.0,220.5,0,14.33,0.4,0.0005442176870748299,0.3
0.69,735.0,294.0,220.5,0,14.08,0.4,0.0005442176870748299,0.3
0.66,759.5,318.5,220.5,0,15.16,0.41935483870967744,0.0005266622778143516,0.2903225806451613
0.66,759.5,318.5,220.5,0,15.18,0.41935483870967744,0.0005266622778143516,0.2903225806451613
0.66,759.5,318.5,220.5,0,14.72,0.41935483870967744,0.0005266622778143516,0.2903225806451613
0.66,759.5,318.5,220.5,0,14.9,0.41935483870967744,0.0005266622778143516,0.2903225806451613
0.64,784.0,343.0,220.5,0,18.48,0.4375,0.0005102040816326531,0.28125
0.64,784.0,343.0,220.5,0,18.71,0.4375,0.0005102040816326531,0.28125
0.64,784.0,343.0,220.5,0,18.48,0.4375,0.0005102040816326531,0.28125
0.64,784.0,343.0,220.5,0,18.46,0.4375,0.0005102040816326531,0.28125
0.62,808.5,367.5,220.5,0,16.47,0.45454545454545453,0.000494743351886209,0.2727272727272727
0.62,808.5,367.5,220.5,0,16.35,0.45454545454545453,0.000494743351886209,0.2727272727272727
0.62,808.5,367.5,220.5,0,16.55,0.45454545454545453,0.000494743351886209,0.2727272727272727
0.62,808.5,367.5,220.5,0,16.74,0.45454545454545453,0.000494743351886209,0.2727272727272727
0.98,514.5,294.0,110.25,1,32.85,0.5714285714285714,0.0007774538386783285,0.21428571428571427
0.98,514.5,294.0,110.25,1,32.67,0.5714285714285714,0.0007774538386783285,0.21428571428571427
0.98,514.5,294.0,110.25,1,32.21,0.5714285714285714,0.0007774538386783285,0.21428571428571427
0.98,514.5,294.0,110.25,1,32.74,0.5714285714285714,0.0007774538386783285,0.21428571428571427
0.9,563.5,318.5,122.5,1,36.45,0.5652173913043478,0.000709849157054126,0.21739130434782608
0.9,563.5,318.5,122.5,1,35.73,0.5652173913043478,0.000709849157054126,0.21739130434782608
0.9,563.5,318.5,122.5,1,35.4,0.5652173913043478,0.000709849157054126,0.21739130434782608
0.9,563.5,318.5,122.5,1,36.57,0.5652173913043478,0.000709849157054126,0.21739130434782608
0.86,588.0,294.0,147.0,1,32.38,0.5,0.0006802721088435375,0.25
0.86,588.0,294.0,147.0,1,31.66,0.5,0.0006802721088435375,0.25
0.86,588.0,294.0,147.0,1,32.15,0.5,0.0006802721088435375,0.25
0.86,588.0,294.0,147.0,1,32.75,0.5,0.0006802721088435375,0.25
0.82,612.5,318.5,147.0,1,28.93,0.52,0.0006530612244897959,0.24
0.82,612.5,318.5,147.0,1,28.05,0.52,0.0006530612244897959,0.24
0.82,612.5,318.5,147.0,1,28.64,0.52,0.0006530612244897959,0.24
0.82,612.5,318.5,147.0,1,29.52,0.52,0.0006530612244897959,0.24
0.79,637.0,343.0,147.0,1,42.77,0.5384615384615384,0.0006279434850863422,0.23076923076923078
0.79,637.0,343.0,147.0,1,41.73,0.5384615384615384,0.0006279434850863422,0.23076923076923078
0.79,637.0,343.0,147.0,1,41.32,0.5384615384615384,0.0006279434850863422,0.23076923076923078
0.79,637.0,343.0,147.0,1,42.96,0.5384615384615384,0.0006279434850863422,0.23076923076923078
0.76,661.5,416.5,122.5,1,40.68,0.6296296296296297,0.0006046863189720333,0.18518518518518517
0.76,661.5,416.5,122.5,1,40.4,0.6296296296296297,0.0006046863189720333,0.18518518518518517
0.76,661.5,416.5,122.5,1,40.6,0.6296296296296297,0.0006046863189720333,0.18518518518518517
0.76,661.5,416.5,122.5,1,40.11,0.6296296296296297,0.0006046863189720333,0.18518518518518517
0.74,686.0,245.0,220.5,0,14.37,0.35714285714285715,0.0005830903790087463,0.32142857142857145
0.74,686.0,245.0,220.5,0,14.48,0.35714285714285715,0.0005830903790087463,0.32142857142857145
0.74,686.0,245.0,220.5,0,14.32,0.35714285714285715,0.0005830903790087463,0.32142857142857145
0.74,686.0,245.0,220.5,0,14.44,0.35714285714285715,0.0005830903790087463,0.32142857142857145
0.71,710.5,269.5,220.5,0,14.6,0.3793103448275862,0.0005629838142153414,0.3103448275862069
0.71,710.5,269.5,220.5,0,14.7,0.3793103448275862,0.0005629838142153414,0.3103448275862069
0.71,710.5,269.5,220.5,0,14.47,0.3793103448275862,0.0005629838142153414,0.3103448275862069
0.71,710.5,269.5,220.5,0,14.66,0.3793103448275862,0.0005629838142153414,0.3103448275862069
0.69,735.0,294.0,220.5,0,14.54,0.4,0.0005442176870748299,0.3
0.69,735.0,294.0,220.5,0,14.62,0.4,0.0005442176870748299,0.3
0.69,735.0,294.0,220.5,0,14.53,0.4,0.0005442176870748299,0.3
0.69,735.0,294.0,220.5,0,14.71,0.4,0.0005442176870748299,0.3
0.66,759.5,318.5,220.5,0,15.34,0.41935483870967744,0.0005266622778143516,0.2903225806451613
0.66,759.5,318.5,220.5,0,15.29,0.41935483870967744,0.0005266622778143516,0.2903225806451613
0.66,759.5,318.5,220.5,0,15.09,0.41935483870967744,0.0005266622778143516,0.2903225806451613
0.66,759.5,318.5,220.5,0,15.3,0.41935483870967744,0.0005266622778143516,0.2903225806451613
0.64,784.0,343.0,220.5,0,19.06,0.4375,0.0005102040816326531,0.28125
0.64,784.0,343.0,220.5,0,19.13,0.4375,0.0005102040816326531,0.28125
0.64,784.0,343.0,220.5,0,19.0,0.4375,0.0005102040816326531,0.28125
0.64,784.0,343.0,220.5,0,18.84,0.4375,0.0005102040816326531,0.28125
0.62,808.5,367.5,220.5,0,16.44,0.45454545454545453,0.000494743351886209,0.2727272727272727
0.62,808.5,367.5,220.5,0,16.9,0.45454545454545453,0.000494743351886209,0.2727272727272727
0.62,808.5,367.5,220.5,0,16.94,0.45454545454545453,0.000494743351886209,0.2727272727272727
0.62,808.5,367.5,220.5,0,16.77,0.45454545454545453,0.000494743351886209,0.2727272727272727
0.98,514.5,294.0,110.25,1,32.84,0.5714285714285714,0.0007774538386783285,0.21428571428571427
0.98,514.5,294.0,110.25,1,32.72,0.5714285714285714,0.0007774538386783285,0.21428571428571427
0.98,514.5,294.0,110.25,1,32.21,0.5714285714285714,0.0007774538386783285,0.21428571428571427
0.98,514.5,294.0,110.25,1,32.73,0.5714285714285714,0.0007774538386783285,0.21428571428571427
0.9,563.5,318.5,122.5,1,35.67,0.5652173913043478,0.000709849157054126,0.21739130434782608
0.9,563.5,318.5,122.5,1,35.01,0.5652173913043478,0.000709849157054126,0.21739130434782608
0.9,563.5,318.5,122.5,1,34.72,0.5652173913043478,0.000709849157054126,0.21739130434782608
0.9,563.5,318.5,122.5,1,35.24,0.5652173913043478,0.000709849157054126,0.21739130434782608
0.86,588.0,294.0,147.0,1,32.31,0.5,0.0006802721088435375,0.25
0.86,588.0,294.0,147.0,1,31.81,0.5,0.0006802721088435375,0.25
0.86,588.0,294.0,147.0,1,31.12,0.5,0.0006802721088435375,0.25
0.86,588.0,294.0,147.0,1,32.06,0.5,0.0006802721088435375,0.25
0.82,612.5,318.5,147.0,1,30.0,0.52,0.0006530612244897959,0.24
0.82,612.5,318.5,147.0,1,29.5,0.52,0.0006530612244897959,0.24
0.82,612.5,318.5,147.0,1,29.06,0.52,0.0006530612244897959,0.24
0.82,612.5,318.5,147.0,1,29.92,0.52,0.0006530612244897959,0.24
0.79,637.0,343.0,147.0,1,42.11,0.5384615384615384,0.0006279434850863422,0.23076923076923078
0.79,637.0,343.0,147.0,1,41.96,0.5384615384615384,0.0006279434850863422,0.23076923076923078
0.79,637.0,343.0,147.0,1,41.09,0.5384615384615384,0.0006279434850863422,0.23076923076923078
0.79,637.0,343.0,147.0,1,40.79,0.5384615384615384,0.0006279434850863422,0.23076923076923078
0.76,661.5,416.5,122.5,1,38.82,0.6296296296296297,0.0006046863189720333,0.18518518518518517
0.76,661.5,416.5,122.5,1,39.72,0.6296296296296297,0.0006046863189720333,0.18518518518518517
0.76,661.5,416.5,122.5,1,39.31,0.6296296296296297,0.0006046863189720333,0.18518518518518517
0.76,661.5,416.5,122.5,1,39.86,0.6296296296296297,0.0006046863189720333,0.18518518518518517
0.74,686.0,245.0,220.5,0,14.41,0.35714285714285715,0.0005830903790087463,0.32142857142857145
0.74,686.0,245.0,220.5,0,14.19,0.35714285714285715,0.0005830903790087463,0.32142857142857145
0.74,686.0,245.0,220.5,0,14.17,0.35714285714285715,0.0005830903790087463,0.32142857142857145
0.74,686.0,245.0,220.5,0,14.39,0.35714285714285715,0.0005830903790087463,0.32142857142857145
0.71,710.5,269.5,220.5,0,12.43,0.3793103448275862,0.0005629838142153414,0.3103448275862069
0.71,710.5,269.5,220.5,0,12.63,0.3793103448275862,0.0005629838142153414,0.3103448275862069
0.71,710.5,269.5,220.5,0,12.76,0.3793103448275862,0.0005629838142153414,0.3103448275862069
0.71,710.5,269.5,220.5,0,12.42,0.3793103448275862,0.0005629838142153414,0.3103448275862069
0.69,735.0,294.0,220.5,0,14.12,0.4,0.0005442176870748299,0.3
0.69,735.0,294.0,220.5,0,14.28,0.4,0.0005442176870748299,0.3
0.69,735.0,294.0,220.5,0,14.37,0.4,0.0005442176870748299,0.3
0.69,735.0,294.0,220.5,0,14.21,0.4,0.0005442176870748299,0.3
0.66,759.5,318.5,220.5,0,14.96,0.41935483870967744,0.0005266622778143516,0.2903225806451613
0.66,759.5,318.5,220.5,0,14.92,0.41935483870967744,0.0005266622778143516,0.2903225806451613
0.66,759.5,318.5,220.5,0,14.92,0.41935483870967744,0.0005266622778143516,0.2903225806451613
0.66,759.5,318.5,220.5,0,15.16,0.41935483870967744,0.0005266622778143516,0.2903225806451613
0.64,784.0,343.0,220.5,0,17.69,0.4375,0.0005102040816326531,0.28125
0.64,784.0,343.0,220.5,0,18.19,0.4375,0.0005102040816326531,0.28125
0.64,784.0,343.0,220.5,0,18.16,0.4375,0.0005102040816326531,0.28125
0.64,784.0,343.0,220.5,0,17.88,0.4375,0.0005102040816326531,0.28125
0.62,808.5,367.5,220.5,0,16.54,0.45454545454545453,0.000494743351886209,0.2727272727272727
0.62,808.5,367.5,220.5,0,16.44,0.45454545454545453,0.000494743351886209,0.2727272727272727
0.62,808.5,367.5,220.5,0,16.48,0.45454545454545453,0.000494743351886209,0.2727272727272727
0.62,808.5,367.5,220.5,0,16.64,0.45454545454545453,0.000494743351886209,0.2727272727272727
